{"cameraMode":{"drawMode":0,"name":"Shaded","section":"Shading Mode"},"sceneLighting":false,"audioPlay":false,"sceneViewState":{"showFog":true,"showMaterialUpdate":false,"showSkybox":false,"showFlares":true,"showImageEffects":true,"showParticleSystems":true},"in2DMode":false,"pivot":{"x":0.0020051002502441408,"y":0.0006443560123443604,"z":-0.04262310266494751},"rotation":{"x":-0.09585796296596527,"y":-0.9047693014144898,"z":0.30246442556381228,"w":-0.2847941517829895},"size":0.39468035101890566,"orthographic":false}