{"cameraMode":{"drawMode":0,"name":"Shaded","section":"Shading Mode"},"sceneLighting":false,"audioPlay":false,"sceneViewState":{"showFog":true,"showMaterialUpdate":false,"showSkybox":false,"showFlares":true,"showImageEffects":true,"showParticleSystems":true},"in2DMode":false,"pivot":{"x":2.235379219055176,"y":1.010425329208374,"z":11.21677303314209},"rotation":{"x":-0.07556731253862381,"y":0.7833061814308167,"z":-0.09705225378274918,"w":-0.6094200611114502},"size":2.1073949337005617,"orthographic":false}