{"cameraMode":{"drawMode":0,"name":"Shaded","section":"Shading Mode"},"sceneLighting":false,"audioPlay":false,"sceneViewState":{"showFog":true,"showMaterialUpdate":false,"showSkybox":false,"showFlares":true,"showImageEffects":true,"showParticleSystems":true},"in2DMode":false,"pivot":{"x":-0.0020000003278255464,"y":-0.0030000079423189165,"z":0.056935589760541919},"rotation":{"x":-0.009617531672120095,"y":-0.9432944655418396,"z":0.3313369154930115,"w":-0.025928253307938577},"size":0.07279807329177857,"orthographic":false}