{"cameraMode":{"drawMode":0,"name":"Shaded","section":"Shading Mode"},"sceneLighting":false,"audioPlay":false,"sceneViewState":{"showFog":true,"showMaterialUpdate":false,"showSkybox":false,"showFlares":true,"showImageEffects":true,"showParticleSystems":true},"in2DMode":false,"pivot":{"x":2.9963698387145998,"y":-7.434309959411621,"z":5.840784072875977},"rotation":{"x":0.021736009046435357,"y":0.9492425918579102,"z":-0.30648770928382876,"w":0.06731974333524704},"size":8.429426193237305,"orthographic":false}