{"cameraMode":{"drawMode":0,"name":"Shaded","section":"Shading Mode"},"sceneLighting":false,"audioPlay":false,"sceneViewState":{"showFog":true,"showMaterialUpdate":false,"showSkybox":false,"showFlares":true,"showImageEffects":true,"showParticleSystems":true},"in2DMode":false,"pivot":{"x":0.0,"y":-1.5450751781463624,"z":2.4000000953674318},"rotation":{"x":-0.021682264283299447,"y":0.976574182510376,"z":-0.17801900207996369,"w":-0.11894241720438004},"size":3.7197937965393068,"orthographic":false}