{"cameraMode":{"drawMode":0,"name":"Shaded","section":"Shading Mode"},"sceneLighting":false,"audioPlay":false,"sceneViewState":{"showFog":true,"showMaterialUpdate":false,"showSkybox":false,"showFlares":true,"showImageEffects":true,"showParticleSystems":true},"in2DMode":false,"pivot":{"x":0.0,"y":2.032839298248291,"z":0.1399993896484375},"rotation":{"x":0.0018043328309431673,"y":-0.9062200784683228,"z":0.4231037497520447,"w":0.004747393541038036},"size":24.853923797607423,"orthographic":false}