{"cameraMode":{"drawMode":0,"name":"Shaded","section":"Shading Mode"},"sceneLighting":false,"audioPlay":false,"sceneViewState":{"showFog":true,"showMaterialUpdate":false,"showSkybox":false,"showFlares":true,"showImageEffects":true,"showParticleSystems":true},"in2DMode":false,"pivot":{"x":5.086724758148193,"y":0.8082467913627625,"z":12.385309219360352},"rotation":{"x":-0.09134234488010407,"y":0.792677640914917,"z":-0.12239743769168854,"w":-0.5903761982917786},"size":0.7452497482299805,"orthographic":false}