{"cameraMode":{"drawMode":0,"name":"Shaded","section":"Shading Mode"},"sceneLighting":false,"audioPlay":false,"sceneViewState":{"showFog":true,"showMaterialUpdate":false,"showSkybox":false,"showFlares":true,"showImageEffects":true,"showParticleSystems":true},"in2DMode":false,"pivot":{"x":0.0,"y":-0.9810009002685547,"z":0.6923389434814453},"rotation":{"x":0.0018043328309431673,"y":-0.9062200784683228,"z":0.4231037497520447,"w":0.004747393541038036},"size":32.101165771484378,"orthographic":false}