{"cameraMode":{"drawMode":0,"name":"Shaded","section":"Shading Mode"},"sceneLighting":false,"audioPlay":false,"sceneViewState":{"showFog":true,"showMaterialUpdate":false,"showSkybox":false,"showFlares":true,"showImageEffects":true,"showParticleSystems":true},"in2DMode":false,"pivot":{"x":0.0,"y":0.6470000743865967,"z":0.8529999852180481},"rotation":{"x":-0.021682264283299447,"y":0.976574182510376,"z":-0.17801900207996369,"w":-0.11894241720438004},"size":4.649208068847656,"orthographic":false}