{"cameraMode":{"drawMode":0,"name":"Shaded","section":"Shading Mode"},"sceneLighting":false,"audioPlay":false,"sceneViewState":{"showFog":true,"showMaterialUpdate":false,"showSkybox":false,"showFlares":true,"showImageEffects":true,"showParticleSystems":true},"in2DMode":false,"pivot":{"x":-2.8934149742126467,"y":1.0021252632141114,"z":15.291321754455567},"rotation":{"x":-0.0007735409308224916,"y":-0.9395975470542908,"z":0.3427758514881134,"w":0.0011897004442289472},"size":1.0455958843231202,"orthographic":false}