{"cameraMode":{"drawMode":0,"name":"Shaded","section":"Shading Mode"},"sceneLighting":false,"audioPlay":false,"sceneViewState":{"showFog":true,"showMaterialUpdate":false,"showSkybox":false,"showFlares":true,"showImageEffects":true,"showParticleSystems":true},"in2DMode":false,"pivot":{"x":960.388916015625,"y":527.80517578125,"z":-191.875},"rotation":{"x":-0.016898220404982568,"y":0.9681572318077087,"z":-0.24032281339168549,"w":-0.06807557493448258},"size":0.6073950529098511,"orthographic":false}